slave_chan_01,2343.76,2344.2,1
slave_chan_01,2527.42,2528.7,1
slave_chan_01,2707.38,2707.82,1
slave_chan_01,2708.24,2708.72,1
slave_chan_01,2709,2710.08,1
slave_chan_01,2814.46,2815.94,1
slave_chan_01,2952.44,2954.28,1
slave_chan_01,3024.52,3027.04,1
slave_chan_01,3035.54,3037.14,1
slave_chan_01,3050.98,3051.42,1
slave_chan_01,3052.6,3054.72,1
slave_chan_01,3221.14,3222.98,1
slave_chan_01,3276.1,3276.82,1
slave_chan_01,3333.26,3334.62,1
slave_chan_01,3346.3,3347.7,1
slave_chan_01,3353.78,3356.7,1
slave_chan_01,3494.08,3495,1
slave_chan_01,3504.74,3505.86,1
slave_chan_01,3619.54,3621.1,1
slave_chan_01,3841.16,3843.6,1
slave_chan_01,3918.14,3918.54,1
slave_chan_01,3970.66,3971.3,1
slave_chan_01,4045.14,4046.58,1
slave_chan_01,4194.42,4196.02,1
slave_chan_01,4270.7,4271.7,1
slave_chan_01,4415.48,4416.24,1
slave_chan_01,4445.78,4446.94,1
slave_chan_01,4455.2,4455.84,1
slave_chan_01,4478,4478.56,1
slave_chan_01,4480.4,4482.08,1
slave_chan_01,4575.16,4576.12,1
slave_chan_01,4618.52,4620.52,1
slave_chan_01,4661.92,4663.72,1
slave_chan_01,4668.7,4670.34,1
slave_chan_01,4938.44,4939.88,1
slave_chan_01,4951.98,4952.78,1
slave_chan_01,5269.94,5271.26,1
slave_chan_01,5433.4,5434.2,1
slave_chan_01,5453.96,5455.56,1
slave_chan_01,5546.56,5547.76,1
slave_chan_01,5549.64,5550.84,1
slave_chan_01,5714.16,5715.16,1
slave_chan_01,5743.66,5744.98,1
slave_chan_01,5779.64,5781.36,1
slave_chan_01,5896.9,5897.82,1
slave_chan_01,6010.64,6013.48,1
slave_chan_01,6132.86,6133.42,1
slave_chan_01,6300.78,6302.38,1
slave_chan_01,6362.66,6363.42,1
slave_chan_01,6364.76,6365.4,1
slave_chan_01,6366.04,6366.6,1
slave_chan_01,6592,6593.56,1
slave_chan_01,6628.4,6629.84,1
slave_chan_01,6630.84,6631.88,1
slave_chan_02,2549.978,2550.762,1
slave_chan_02,2561.683,2562.55,1
slave_chan_02,2585.604,2590.17,1
slave_chan_02,2891.026,2892.109,1
slave_chan_02,3007.302,3008.602,1
slave_chan_02,3032.73,3035.397,1
slave_chan_02,4184.726,4186.276,1
slave_chan_02,4335.388,4338.138,1
slave_chan_02,4389.009,4390.175,1
slave_chan_02,4390.989,4393.955,1
slave_chan_02,4470.487,4471.42,1
slave_chan_02,4569.238,4570.771,1
slave_chan_02,4611.351,4614.668,1
slave_chan_02,4618.552,4620.068,1
slave_chan_02,4633.118,4633.401,1
slave_chan_02,4635.196,4639.846,1
slave_chan_02,4651.979,4656.113,1
slave_chan_02,4657.146,4657.596,1
slave_chan_02,4689.123,4689.806,1
slave_chan_02,4703.221,4706.821,1
slave_chan_02,4730.521,4731.271,1
slave_chan_02,4768.887,4774.054,1
slave_chan_02,4775.301,4778.701,1
slave_chan_02,4782.138,4784.422,1
slave_chan_02,4785.838,4787.038,1
slave_chan_02,4899.205,4899.605,1
slave_chan_02,4907.915,4909.615,1
slave_chan_02,4922.217,4922.667,1
slave_chan_02,4929.893,4933.677,1
slave_chan_02,4947.561,4949.444,1
slave_chan_02,5156.199,5157.649,1
slave_chan_02,5157.833,5159.283,1
slave_chan_02,5192.873,5193.306,1
slave_chan_02,5285.875,5286.908,1
slave_chan_02,5295.02,5296.47,1
slave_chan_02,5299.576,5300.976,1
slave_chan_02,5313.07,5314.553,1
slave_chan_02,5316.211,5317.628,1
slave_chan_02,5337.435,5341.252,1
slave_chan_02,5343.471,5344.455,1
slave_chan_02,5349.285,5350.685,1
slave_chan_02,5352.392,5353.242,1
slave_chan_02,5354.974,5356.824,1
slave_chan_02,5513.834,5514.95,1
slave_chan_02,5522.322,5524.072,1
slave_chan_02,5580.493,5581.126,1
slave_chan_02,5591.605,5592.555,1
slave_chan_02,5604.427,5604.827,1
slave_chan_02,5651.135,5653.785,1
slave_chan_02,5705.076,5709.209,1
slave_chan_02,5959.538,5961.404,1
slave_chan_02,6013.618,6014.418,1
slave_chan_02,6034.2,6034.834,1
slave_chan_02,6064.918,6066.768,1
slave_chan_02,6071.194,6071.544,1
slave_chan_03,2113.75,2114.91,1
slave_chan_03,2126.57,2127.23,1
slave_chan_03,2154.68,2155.68,1
slave_chan_03,2169.02,2170.16,1
slave_chan_03,2173.99,2174.67,1
slave_chan_03,2194.37,2194.85,1
slave_chan_03,2224.83,2225.63,1
slave_chan_03,2242.08,2242.84,1
slave_chan_03,2244.38,2245.22,1
slave_chan_03,2246.78,2247.26,1
slave_chan_03,2247.92,2248.18,1
slave_chan_03,2249.89,2250.87,1
slave_chan_03,2252.88,2254.08,1
slave_chan_03,2254.24,2254.56,1
slave_chan_03,2318.86,2319.32,1
slave_chan_03,2319.97,2320.65,1
slave_chan_03,2339.25,2339.95,1
slave_chan_03,2342.08,2342.54,1
slave_chan_03,2343.55,2343.87,1
slave_chan_03,2425.21,2428.11,1
slave_chan_03,2429.74,2430.36,1
slave_chan_03,2538.23,2538.75,1
slave_chan_03,2541.42,2542.38,1
slave_chan_03,2605.4,2606.04,1
slave_chan_03,2613.54,2614.14,1
slave_chan_03,2642.4,2643.46,1
slave_chan_03,2679.65,2681.11,1
slave_chan_03,2682.18,2682.92,1
slave_chan_03,2770.14,2771.1,1
slave_chan_03,2863.66,2864.34,1
slave_chan_03,2865.72,2866.22,1
slave_chan_03,2880.09,2880.49,1
slave_chan_03,2882.59,2883.25,1
slave_chan_03,2955.68,2957.46,1
slave_chan_03,3022.75,3023.49,1
slave_chan_03,3126.38,3127.16,1
slave_chan_03,3160.45,3164.23,1
slave_chan_03,3236,3237.28,1
slave_chan_03,3238.62,3240.18,1
slave_chan_03,3702.6,3703.24,1
slave_chan_03,3856.04,3856.68,1
slave_chan_03,3921.52,3922.92,1
slave_chan_03,4197.96,4198.3,1
slave_chan_03,4220.63,4221.43,1
slave_chan_03,4228.65,4229.79,1
slave_chan_03,4274.51,4275.35,1
slave_chan_03,4275.36,4275.38,1
slave_chan_03,4305.15,4306.21,1
slave_chan_03,4308.12,4308.74,1
slave_chan_03,4329.8,4330.74,1
slave_chan_03,4335.47,4336.97,1
slave_chan_03,4404.98,4409.48,1
slave_chan_03,4546.13,4547.61,1
slave_chan_03,4561.65,4562.29,1
slave_chan_03,4577.19,4577.73,1
slave_chan_03,4578.7,4579.42,1
slave_chan_03,4611.44,4612.04,1
slave_chan_03,4619.38,4620,1
slave_chan_03,4630.47,4631.31,1
slave_chan_03,4633.67,4634.89,1
slave_chan_03,4638.18,4638.98,1
slave_chan_03,4688.56,4690.44,1
slave_chan_03,4696.04,4696.26,1
slave_chan_03,4697.43,4698.55,1
slave_chan_03,4706.55,4707.65,1
slave_chan_03,4711.46,4713.16,1
slave_chan_03,4767.79,4768.11,1
slave_chan_03,4769.93,4770.11,1
slave_chan_03,4772.46,4772.96,1
slave_chan_03,4774.99,4775.43,1
slave_chan_03,4865.81,4866.47,1
slave_chan_03,4869.38,4870.2,1
slave_chan_03,4873.41,4874.19,1
slave_chan_03,5030,5031.62,1
slave_chan_03,5032.31,5033.23,1
slave_chan_03,5063.49,5064.01,1
slave_chan_03,5066.15,5066.99,1
slave_chan_03,5079.36,5080.48,1
slave_chan_03,5164.37,5165.03,1
slave_chan_03,5433.5,5434.02,1
slave_chan_03,5531.18,5531.76,1
slave_chan_03,5673.65,5674.31,1
slave_chan_03,5761.82,5762.42,1
slave_chan_03,6056.12,6056.66,1
slave_chan_04,1611.58,1613.02,1
slave_chan_04,1618.12,1618.74,1
slave_chan_04,1659.19,1662.27,1
slave_chan_04,1734.27,1735.69,1
slave_chan_04,1789.16,1792.74,1
slave_chan_04,1800.19,1801.19,1
slave_chan_04,2407.64,2409.46,1
slave_chan_04,2509.66,2510.52,1
slave_chan_04,2671.64,2672.2,1
slave_chan_04,2675,2676.82,1
slave_chan_04,2679.79,2681.03,1
slave_chan_04,2956.52,2957.12,1
slave_chan_04,2991.3,2991.78,1
slave_chan_04,3027.12,3035.34,1
slave_chan_04,3041.47,3043.97,1
slave_chan_04,3160.38,3160.92,1
slave_chan_04,3165.63,3167.73,1
slave_chan_04,3227.24,3227.74,1
slave_chan_04,3229.77,3230.53,1
slave_chan_04,3472.83,3473.49,1
slave_chan_04,3712.92,3713.5,1
slave_chan_04,4102.59,4103.41,1
slave_chan_04,4454,4455.34,1
slave_chan_04,5309.85,5310.33,1
slave_chan_04,5350.03,5351.29,1
slave_chan_04,5408.54,5408.98,1
slave_chan_04,5472.66,5473.52,1
slave_chan_04,5528.43,5529.73,1
slave_chan_04,5532.5,5534.96,1
slave_chan_04,5705.43,5707.53,1
slave_chan_04,5709.9,5712.5,1
slave_chan_04,5758.96,5759.74,1
slave_chan_04,5810.71,5812.27,1
slave_chan_05,1755.621,1756.601,1
slave_chan_05,1819.351,1822.651,1
slave_chan_05,1840.641,1842.161,1
slave_chan_05,1846.001,1847.241,1
slave_chan_05,1898.001,1899.221,1
slave_chan_05,1920.841,1923.721,1
slave_chan_05,1965.461,1966.421,1
slave_chan_05,1998.141,1998.601,1
slave_chan_05,2003.171,2005.991,1
slave_chan_05,2008.261,2011.361,1
slave_chan_05,2016.631,2017.211,1
slave_chan_05,2035.131,2037.091,1
slave_chan_05,2122.291,2124.271,1
slave_chan_05,2129.221,2130.301,1
slave_chan_05,2147.321,2149.181,1
slave_chan_05,2229.611,2230.771,1
slave_chan_05,2425.231,2427.431,1
slave_chan_05,2469.771,2470.791,1
slave_chan_05,2522.001,2524.101,1
slave_chan_05,2528.071,2528.811,1
slave_chan_05,2539.621,2540.821,1
slave_chan_05,2583.181,2583.641,1
slave_chan_05,2592.891,2594.931,1
slave_chan_05,2613.071,2614.991,1
slave_chan_05,2618.911,2620.731,1
slave_chan_05,2620.901,2624.101,1
slave_chan_05,2652.601,2654.561,1
slave_chan_05,2715.261,2715.761,1
slave_chan_05,2733.091,2734.671,1
slave_chan_05,2859.841,2861.841,1
slave_chan_05,3041.781,3043.141,1
slave_chan_05,3162.661,3163.021,1
slave_chan_05,3350.661,3351.961,1
slave_chan_05,3353.611,3355.011,1
slave_chan_05,3370.931,3371.571,1
slave_chan_05,3394.151,3395.111,1
slave_chan_05,3400.331,3400.891,1
slave_chan_05,3418.291,3420.011,1
slave_chan_05,3438.011,3438.531,1
slave_chan_05,3449.111,3454.431,1
slave_chan_05,3518.751,3519.491,1
slave_chan_05,3553.201,3553.821,1
slave_chan_05,3574.651,3575.811,1
slave_chan_05,3577.551,3578.451,1
slave_chan_05,3589.321,3589.921,1
slave_chan_05,3597.301,3599.361,1
slave_chan_05,3601.931,3602.651,1
slave_chan_05,3642.111,3644.631,1
slave_chan_05,3759.181,3762.821,1
slave_chan_05,3782.181,3783.641,1
slave_chan_05,3920.751,3922.111,1
slave_chan_05,3991.631,3994.171,1
slave_chan_05,4005.201,4006.261,1
slave_chan_05,4054.971,4057.351,1
slave_chan_05,4067.301,4069.001,1
slave_chan_05,4172.591,4173.211,1
slave_chan_05,4180.581,4181.621,1
slave_chan_05,4192.701,4193.321,1
slave_chan_05,4209.271,4210.511,1
slave_chan_05,4211.531,4212.851,1
slave_chan_05,4444.971,4446.231,1
slave_chan_05,4451.661,4452.481,1
slave_chan_05,4488.671,4492.751,1
slave_chan_05,4660.091,4664.451,1
slave_chan_05,4665.271,4667.971,1
slave_chan_05,4782.621,4784.501,1
slave_chan_05,4832.061,4832.641,1
slave_chan_05,4927.231,4928.711,1
slave_chan_05,5345.331,5346.971,1
slave_chan_05,5376.371,5378.151,1
slave_chan_05,5380.421,5381.481,1
slave_chan_05,5505.331,5506.351,1
slave_chan_05,5527.141,5533.761,1
slave_chan_05,5641.751,5651.671,1
slave_chan_05,5674.351,5676.811,1
slave_chan_05,5691.001,5693.721,1
slave_chan_05,5725.061,5726.081,1
slave_chan_05,5733.111,5736.271,1
slave_chan_05,5760.751,5762.411,1
slave_chan_05,5821.301,5822.701,1
slave_chan_05,5825.661,5826.201,1
slave_chan_05,5845.451,5848.351,1
slave_chan_05,5908.201,5910.141,1
slave_chan_05,5946.871,5952.191,1
slave_chan_05,5977.151,5979.511,1
slave_chan_05,6075.031,6075.771,1
slave_chan_05,6079.201,6081.541,1
slave_chan_05,6084.931,6086.451,1
slave_chan_05,6090.311,6092.991,1
slave_chan_05,6095.811,6097.751,1
slave_chan_05,6115.861,6118.861,1
slave_chan_05,6224.311,6227.071,1
slave_chan_05,6283.931,6291.211,1
slave_chan_05,6293.291,6293.751,1
slave_chan_05,6317.681,6319.521,1
slave_chan_05,6323.101,6324.781,1
slave_chan_05,6328.601,6330.681,1
slave_chan_05,6348.641,6350.521,1
slave_chan_05,6376.321,6380.961,1
slave_chan_05,6427.081,6428.741,1
slave_chan_06,2417.05,2417.53,1
slave_chan_06,2526.25,2530.11,1
slave_chan_06,2541.98,2543.02,1
slave_chan_06,2547.48,2548.48,1
slave_chan_06,2593.12,2595,1
slave_chan_06,2603.64,2604.72,1
slave_chan_06,2630.66,2631.46,1
slave_chan_06,2688.7,2690.34,1
slave_chan_06,2715,2716.28,1
slave_chan_06,2831.72,2832.24,1
slave_chan_06,2834.3,2834.94,1
slave_chan_06,2946.78,2948.24,1
slave_chan_06,3025.07,3025.37,1
slave_chan_06,3071.72,3072.7,1
slave_chan_06,3205.79,3206.13,1
slave_chan_06,3582.16,3583.2,1
slave_chan_06,3736.02,3737.22,1
slave_chan_06,3741.16,3741.78,1
slave_chan_06,3802.77,3804.85,1
slave_chan_06,3847.77,3849.25,1
slave_chan_06,4177.23,4178.25,1
slave_chan_06,4667.82,4670.02,1
slave_chan_06,4670.56,4673.02,1
slave_chan_06,4769.49,4770.45,1
slave_chan_06,4875.23,4876.75,1
slave_chan_06,5226.43,5227.91,1
slave_chan_06,5378.82,5380.22,1
slave_chan_06,5386.12,5387.1,1
slave_chan_06,5433.97,5434.57,1
slave_chan_06,5459.87,5461.91,1
slave_chan_06,5499.15,5500.45,1
slave_chan_06,5513.22,5513.86,1
slave_chan_06,5514.64,5515.48,1
slave_chan_06,5529.5,5529.96,1
slave_chan_06,5535.27,5536.69,1
slave_chan_06,5598.86,5600.06,1
slave_chan_06,5631.72,5633.9,1
slave_chan_06,5786.93,5788.19,1
slave_chan_06,5824.98,5825.88,1
slave_chan_06,6099.51,6100.29,1
slave_chan_06,6387.76,6390.26,1
slave_chan_06,6404.53,6405.81,1
slave_chan_06,6508.07,6508.55,1
slave_chan_06,6962.87,6963.55,1
slave_chan_06,7396.55,7397.95,1
slave_chan_06,7425.79,7429.53,1
slave_chan_06,7538.34,7539.94,1
slave_chan_06,7896.1,7896.68,1
slave_chan_06,7915.97,7917.21,1
slave_chan_06,7957.49,7958.69,1
slave_chan_06,7981.35,7983.03,1
slave_chan_06,8004.25,8004.99,1
slave_chan_07,1271.03,1272.21,1
slave_chan_07,1417.28,1417.88,1
slave_chan_07,1475.52,1481.22,1
slave_chan_07,1529.05,1530.39,1
slave_chan_07,1619.26,1620.4,1
slave_chan_07,1994.55,1996.15,1
slave_chan_07,2018.95,2019.59,1
slave_chan_07,2123.25,2124.75,1
slave_chan_07,2216.02,2216.54,1
slave_chan_07,2416.16,2417.12,1
slave_chan_07,2424.9,2426.54,1
slave_chan_07,2434.76,2435.2,1
slave_chan_07,2436.22,2436.56,1
slave_chan_07,2545.66,2546.58,1
slave_chan_07,2606.38,2607.62,1
slave_chan_07,2726.74,2727.3,1
slave_chan_07,2729.68,2730.94,1
slave_chan_07,2751.33,2752.15,1
slave_chan_07,2867.92,2869.68,1
slave_chan_07,2916.12,2920.32,1
slave_chan_07,3211.76,3212.26,1
slave_chan_07,3228.76,3229.3,1
slave_chan_07,3231.29,3231.59,1
slave_chan_07,3236.52,3237.72,1
slave_chan_07,3281.76,3284.16,1
slave_chan_07,3604.04,3604.76,1
slave_chan_07,3892,3893.44,1
slave_chan_07,4404.82,4406.26,1
slave_chan_07,4561.48,4562.78,1
slave_chan_07,5284.83,5285.67,1
slave_chan_07,5402.19,5402.79,1
slave_chan_07,5508.29,5509.31,1
slave_chan_07,5515.56,5516.84,1
slave_chan_07,5525.62,5526.88,1
slave_chan_08,3475.76,3476.8,1
slave_chan_08,3484.98,3485.78,1
slave_chan_08,3536.46,3537.12,1
slave_chan_08,3549.75,3550.51,1
slave_chan_08,3552.21,3553.21,1
slave_chan_08,3585.99,3587.23,1
slave_chan_08,3589.63,3590.37,1
slave_chan_08,3608.78,3609.22,1
slave_chan_08,3621,3622.1,1
slave_chan_08,3920.79,3922.09,1
slave_chan_08,3924.96,3925.9,1
slave_chan_08,4015.15,4016.35,1
slave_chan_08,4017.69,4018.97,1
slave_chan_08,4096.41,4100.37,1
slave_chan_08,4199.25,4200.49,1
slave_chan_08,4268.92,4270.52,1
slave_chan_08,4336.42,4338.86,1
slave_chan_08,4554.08,4555.22,1
slave_chan_08,4560.55,4561.63,1
slave_chan_08,4976.75,4977.59,1
slave_chan_08,4983.49,4987.53,1
slave_chan_08,5130.95,5136.19,1
slave_chan_08,5397.03,5397.85,1
slave_chan_08,5588.06,5591.28,1
slave_chan_08,5609.81,5613.09,1
slave_chan_08,5627.78,5628.82,1
slave_chan_08,5660.16,5662.56,1
slave_chan_08,5736.88,5739.12,1
slave_chan_08,5808.54,5809.8,1
slave_chan_08,6077.93,6081.03,1
slave_chan_08,6084.92,6087,1
slave_chan_08,6088.54,6092.9,1
slave_chan_08,6110.16,6118.86,1
slave_chan_08,6185.59,6186.85,1
slave_chan_08,6239.42,6242.14,1
slave_chan_08,6295.84,6301.46,1
slave_chan_08,6341.87,6344.09,1
slave_chan_08,6376.96,6379.48,1
slave_chan_08,6387.59,6389.35,1
slave_chan_08,6591.57,6593.99,1
slave_chan_08,6665.72,6667.74,1
slave_chan_08,6680.13,6681.85,1
slave_chan_08,6849.35,6851.89,1
slave_chan_08,6874.64,6876.58,1
slave_chan_08,6913.63,6914.43,1
slave_chan_08,6926.47,6927.59,1
slave_chan_08,6954.15,6955.43,1
slave_chan_08,6996.09,6999.39,1
slave_chan_08,7050.16,7050.98,1
slave_chan_08,7088.12,7094.32,1
slave_chan_08,7117.88,7118.74,1
slave_chan_08,7132.49,7135.05,1
slave_chan_08,7163.13,7168.21,1
slave_chan_08,7177.87,7179.51,1
slave_chan_08,7183.59,7187.23,1
slave_chan_08,7188.72,7192.98,1
slave_chan_08,7222.23,7224.69,1
slave_chan_08,7295.34,7298.22,1
slave_chan_08,7387.18,7389.6,1
slave_chan_08,7447.25,7448.09,1
slave_chan_08,7459.55,7460.79,1
slave_chan_08,7464.55,7465.31,1
slave_chan_08,7469.81,7470.49,1
slave_chan_08,7557.03,7558.43,1
slave_chan_08,7558.46,7558.48,1
slave_chan_08,7611.25,7615.49,1
slave_chan_08,7629.82,7638.12,1
slave_chan_08,7646.69,7649.07,1
slave_chan_08,7691.98,7695.34,1
slave_chan_08,7746.84,7748.94,1
slave_chan_08,7771.07,7774.03,1
slave_chan_08,7807.43,7810.39,1
slave_chan_08,7963.61,7965.49,1
slave_chan_08,8212.34,8217.88,1
slave_chan_08,8257.33,8260.57,1
slave_chan_08,8264.65,8266.31,1
slave_chan_08,8353.12,8355.28,1
slave_chan_08,8360.8,8364.26,1
slave_chan_09,1259.21,1260.41,1
slave_chan_09,1341.77,1342.57,1
slave_chan_09,1540.45,1541.65,1
slave_chan_09,1622.63,1623.53,1
slave_chan_09,1976.07,1977.49,1
slave_chan_09,2097.4,2098.9,1
slave_chan_09,2131.37,2132.35,1
slave_chan_09,2470.04,2471.14,1
slave_chan_09,2523.15,2525.21,1
slave_chan_09,3203.46,3204.38,1
slave_chan_09,3209.86,3216.78,1
slave_chan_09,3282.14,3284.48,1
slave_chan_09,3721.95,3723.21,1
slave_chan_09,3794.19,3795.53,1
slave_chan_09,3849.94,3851.08,1
slave_chan_09,4063.85,4066.89,1
slave_chan_09,4095.71,4096.65,1
slave_chan_09,4491.46,4492.22,1
slave_chan_09,5119.66,5121.34,1
slave_chan_09,5127.56,5128.98,1
slave_chan_09,5226.81,5228.91,1
slave_chan_09,5230.72,5233.26,1
slave_chan_09,5246.59,5248.19,1
slave_chan_09,5513.07,5515.45,1
slave_chan_09,5531.4,5532.52,1
slave_chan_09,5569.31,5571.73,1
slave_chan_10,2068.14,2069.96,1
slave_chan_10,2073.53,2077.79,1
slave_chan_10,2102.48,2103.24,1
slave_chan_10,2106.68,2109.92,1
slave_chan_10,2187.32,2188.42,1
slave_chan_10,2195.15,2197.23,1
slave_chan_10,2220.75,2221.09,1
slave_chan_10,2234.08,2236.9,1
slave_chan_10,2273.49,2275.63,1
slave_chan_10,2460.15,2463.49,1
slave_chan_10,2481,2482.8,1
slave_chan_10,2511.96,2513.36,1
slave_chan_10,2517.58,2520.52,1
slave_chan_10,2532.61,2534.97,1
slave_chan_10,2540.25,2541.63,1
slave_chan_10,2546.9,2548.7,1
slave_chan_10,2595.26,2596.7,1
slave_chan_10,2598.36,2600.44,1
slave_chan_10,2830.32,2831.78,1
slave_chan_10,2914.69,2915.91,1
slave_chan_10,2918.26,2919.9,1
slave_chan_10,3153.02,3154.34,1
slave_chan_10,3273.04,3274.64,1
slave_chan_10,3489.86,3490.66,1
slave_chan_10,3493.92,3495,1
slave_chan_10,3551.04,3554.26,1
slave_chan_10,3572.69,3573.93,1
slave_chan_10,3633.61,3634.65,1
slave_chan_10,3684.49,3685.67,1
slave_chan_10,3708.52,3709.04,1
slave_chan_10,3719.76,3721.44,1
slave_chan_10,3742.82,3743.86,1
slave_chan_10,3746.76,3748.52,1
slave_chan_10,3777.38,3782.78,1
slave_chan_10,3785.6,3787.76,1
slave_chan_10,4156.66,4157.98,1
slave_chan_10,4180.24,4180.8,1
slave_chan_10,4221.74,4222.64,1
slave_chan_10,4257.77,4258.35,1
slave_chan_10,4263.48,4263.82,1
slave_chan_10,4331.59,4331.91,1
slave_chan_10,4598.27,4598.93,1
slave_chan_10,4663.42,4664,1
slave_chan_10,4687.97,4689.27,1
slave_chan_10,4827.82,4828.54,1
slave_chan_10,4830.28,4830.66,1
slave_chan_10,4930.63,4931.33,1
slave_chan_10,4951.3,4954.02,1
slave_chan_10,5287.66,5289.34,1
slave_chan_10,5335.7,5338.44,1
slave_chan_10,5359.33,5359.97,1
slave_chan_10,5392.07,5396.77,1
slave_chan_10,5435.96,5438.04,1
slave_chan_10,5466.6,5468.6,1
slave_chan_10,5475.44,5477.08,1
slave_chan_10,5493.08,5495.3,1
slave_chan_10,5515.53,5516.97,1
slave_chan_10,5543.41,5546.75,1
slave_chan_10,5579.4,5580.78,1
slave_chan_10,5583.17,5586.07,1
slave_chan_10,5604.92,5606.06,1
slave_chan_10,5696.39,5697.47,1
slave_chan_10,5708.45,5710.59,1
slave_chan_10,5718.84,5719.74,1
slave_chan_10,5735.51,5737.73,1
slave_chan_10,5744.98,5746.5,1
slave_chan_10,5780.46,5781.54,1
slave_chan_10,5807.92,5808.44,1
slave_chan_10,5810.94,5811.64,1
slave_chan_10,5861.73,5864.39,1
slave_chan_11,2311.82,2316.38,1
slave_chan_11,2515.68,2516.76,1
slave_chan_11,2523.46,2524.56,1
slave_chan_11,2687.87,2691.53,1
slave_chan_11,2703.16,2705.6,1
slave_chan_11,2724.72,2725.7,1
slave_chan_11,2745.15,2746.19,1
slave_chan_11,2908.23,2910.63,1
slave_chan_11,2921.81,2923.79,1
slave_chan_11,3032.75,3038.55,1
slave_chan_11,3102.23,3104.35,1
slave_chan_11,3108.59,3110.19,1
slave_chan_11,3159.35,3160.17,1
slave_chan_11,3369.4,3370.6,1
slave_chan_11,3437.66,3439.18,1
slave_chan_11,3453.62,3454.06,1
slave_chan_11,3569.16,3570.64,1
slave_chan_11,3642.14,3643.98,1
slave_chan_11,3697.28,3697.94,1
slave_chan_11,3746.85,3748.01,1
slave_chan_11,3758.51,3762.41,1
slave_chan_11,3820.82,3822.14,1
slave_chan_11,3838.12,3839.02,1
slave_chan_11,3843.91,3845.83,1
slave_chan_11,3913.77,3914.57,1
slave_chan_11,4000.84,4001.56,1
slave_chan_11,4298.52,4299.24,1
slave_chan_11,4426.12,4427,1
slave_chan_11,4495.26,4497.98,1
slave_chan_11,4993.3,4993.86,1
slave_chan_12,2881.42,2882.38,1
slave_chan_12,2884.86,2886.98,1
slave_chan_12,3104.64,3106.72,1
slave_chan_12,3404.78,3406.64,1
slave_chan_12,3412.45,3413.29,1
slave_chan_12,3455.41,3456.63,1
slave_chan_12,3517.84,3518.48,1
slave_chan_12,3568,3568.64,1
slave_chan_12,3574.88,3577.2,1
slave_chan_12,3620.72,3621.68,1
slave_chan_12,3913.96,3914.88,1
slave_chan_12,4116.61,4119.15,1
slave_chan_12,4196.68,4198.88,1
slave_chan_12,4289.91,4292.39,1
slave_chan_12,4360.89,4363.05,1
slave_chan_12,4379.06,4383.66,1
slave_chan_12,4418.44,4419.48,1
slave_chan_12,4748.38,4749.56,1
slave_chan_12,4781.73,4782.89,1
slave_chan_12,4851.61,4852.73,1
slave_chan_12,4895.73,4896.97,1
slave_chan_12,4919.11,4919.85,1
slave_chan_12,4923.6,4925.42,1
slave_chan_12,4947.43,4948.75,1
slave_chan_12,4951.21,4952.97,1
slave_chan_12,4961.13,4961.79,1
slave_chan_12,5074.96,5075.82,1
slave_chan_12,5079.34,5084.44,1
slave_chan_12,5226.27,5227.43,1
slave_chan_12,5313.393,5314.513,1
slave_chan_12,5314.753,5316.093,1
slave_chan_12,5319.283,5323.363,1
slave_chan_12,5342.703,5344.843,1
slave_chan_12,5429.673,5430.513,1
slave_chan_12,5437.713,5438.433,1
slave_chan_12,5527.92,5528.64,1
slave_chan_12,5593.46,5597.42,1
slave_chan_12,5631.76,5632.5,1
slave_chan_13,1657.1,1657.98,1
slave_chan_13,1660.76,1661.6,1
slave_chan_13,1791.88,1794,1
slave_chan_13,2036.9,2038.02,1
slave_chan_13,2110.86,2112.12,1
slave_chan_13,2168.67,2169.53,1
slave_chan_13,2209.98,2213.3,1
slave_chan_13,2219.54,2220.38,1
slave_chan_13,2360.84,2362.1,1
slave_chan_13,2587.3,2588.96,1
slave_chan_13,2876.41,2877.15,1
slave_chan_13,2953.16,2954.48,1
slave_chan_13,3760.92,3762.46,1
slave_chan_13,4585.98,4589.38,1
slave_chan_13,5675.086,5676.169,1
slave_chan_13,5694.621,5695.704,1
slave_chan_13,5696.725,5698.442,1
slave_chan_13,5881.012,5883.396,1
slave_chan_14,2041.994,2042.861,1
slave_chan_14,2048.033,2049.733,1
slave_chan_14,2106.314,2106.814,1
slave_chan_14,2543,2544.5,1
slave_chan_14,2576.009,2576.692,1
slave_chan_14,2658.224,2659.674,1
slave_chan_14,2666.745,2669.095,1
slave_chan_14,2755.401,2757.068,1
slave_chan_14,2854.437,2860.754,1
slave_chan_14,2876.737,2878.42,1
slave_chan_14,2902.739,2906.038,1
slave_chan_14,2908.916,2909.7,1
slave_chan_14,3016.907,3017.723,1
slave_chan_14,3024.926,3027.043,1
slave_chan_14,3029.451,3030.618,1
slave_chan_14,3035.782,3037.799,1
slave_chan_14,3299.794,3301.51,1
slave_chan_14,3321.992,3322.926,1
slave_chan_14,3464.625,3465.859,1
slave_chan_14,3467.625,3468.441,1
slave_chan_14,3525.154,3525.804,1
slave_chan_14,3552.549,3553.082,1
slave_chan_14,3585.081,3586.181,1
slave_chan_14,3587.28,3587.88,1
slave_chan_14,3726.509,3727.01,1
slave_chan_14,3781.828,3783.094,1
slave_chan_14,4057.252,4060.602,1
slave_chan_14,4069.519,4070.603,1
slave_chan_14,4118.288,4122.472,1
slave_chan_14,4145.063,4148.113,1
slave_chan_14,4301.342,4302.009,1
slave_chan_14,4313.618,4316.952,1
slave_chan_14,4440.117,4443.3,1
slave_chan_14,4481.293,4487.526,1
slave_chan_14,4744.214,4744.781,1
slave_chan_14,4747.35,4749.916,1
slave_chan_14,4808.152,4809.352,1
slave_chan_14,4811.018,4811.768,1
slave_chan_14,4836.577,4837.127,1
slave_chan_14,4839.999,4842.765,1
slave_chan_14,4850.595,4852.612,1
slave_chan_14,4867.491,4868.974,1
slave_chan_14,4903.058,4906.941,1
slave_chan_14,4912.288,4915.504,1
slave_chan_14,4958.864,4959.364,1
slave_chan_14,4963.398,4966.714,1
slave_chan_14,4992.695,4994.278,1
slave_chan_14,5060.58,5064.396,1
slave_chan_14,5087.002,5087.551,1
slave_chan_14,5097.597,5098.231,1
slave_chan_14,5117.751,5118.167,1
slave_chan_14,5129.697,5132.013,1
slave_chan_14,5134.122,5136.838,1
slave_chan_14,5224.784,5229.9,1
slave_chan_14,5232.305,5234.655,1
slave_chan_14,5247.899,5251.149,1
slave_chan_14,5369.295,5377.879,1
slave_chan_14,5611.315,5614.064,1
slave_chan_14,5631.143,5632.91,1
slave_chan_14,5660.845,5662.428,1
slave_chan_14,5676.126,5679.159,1
slave_chan_14,5680.309,5681.575,1
slave_chan_14,5691.258,5693.442,1
slave_chan_14,5774.596,5776.529,1
slave_chan_14,5797.291,5798.224,1
slave_chan_14,6055.074,6055.541,1
slave_chan_14,6071.782,6072.932,1
slave_chan_14,6133.838,6134.971,1
slave_chan_15,1699.108,1702.108,1
slave_chan_15,1749.542,1751.208,1
slave_chan_15,1817.794,1822.327,1
slave_chan_15,1920.777,1922.543,1
slave_chan_15,1966.538,1969.355,1
slave_chan_15,2009.407,2011.04,1
slave_chan_15,2546.713,2549.496,1
slave_chan_15,2685.266,2686.932,1
slave_chan_15,2763.335,2763.735,1
slave_chan_16,1575.087,1576.103,1
slave_chan_16,1578.336,1579.636,1
slave_chan_16,1584.051,1586.401,1
slave_chan_16,1595.487,1597.454,1
slave_chan_16,1626.386,1628.569,1
slave_chan_16,1633.875,1635.742,1
slave_chan_16,1655.776,1657.276,1
slave_chan_16,1659.383,1671.649,1
slave_chan_16,1674.624,1676.407,1
slave_chan_16,1713.853,1726.603,1
slave_chan_16,1797.388,1798.572,1
slave_chan_16,1804.641,1805.774,1
slave_chan_16,1813.805,1814.322,1
slave_chan_16,1855.627,1857.077,1
slave_chan_16,1906.495,1907.845,1
slave_chan_16,1954.315,1955.782,1
slave_chan_16,2063.174,2063.741,1
slave_chan_16,2124.356,2125.306,1
slave_chan_16,2203.404,2204.887,1
slave_chan_16,2251.24,2255.224,1
slave_chan_16,2333.054,2337.337,1
slave_chan_16,2404.096,2405.73,1
slave_chan_16,2432.496,2435.363,1
slave_chan_16,2447.532,2448.315,1
slave_chan_16,2508.221,2519.071,1
slave_chan_16,2522.524,2528.375,1
slave_chan_16,2541.045,2542.662,1
slave_chan_16,2546.619,2547.769,1
slave_chan_16,2637.131,2638.914,1
slave_chan_16,2804.852,2806.835,1
slave_chan_16,2809.779,2811.395,1
slave_chan_16,2814.543,2817.643,1
slave_chan_16,2820.571,2821.754,1
slave_chan_16,2831.343,2832.359,1
slave_chan_16,3096.943,3099.393,1
slave_chan_16,3188.109,3190.292,1
slave_chan_16,3197.152,3198.335,1
slave_chan_16,3307.838,3313.488,1
slave_chan_16,3318.386,3319.219,1
slave_chan_16,3409.491,3410.408,1
slave_chan_16,3537.496,3538.996,1
slave_chan_16,3675.463,3676.829,1
slave_chan_16,3779.228,3779.811,1
slave_chan_16,4075.7,4078.383,1
slave_chan_16,4115.34,4117.407,1
slave_chan_16,4150.723,4152.139,1
slave_chan_16,4198.406,4203.372,1
slave_chan_16,4222.505,4224.839,1
slave_chan_16,4279.691,4283.824,1
slave_chan_16,4289.823,4290.84,1
slave_chan_16,4361.422,4363.205,1
slave_chan_16,4385.675,4391.792,1
slave_chan_16,4399.43,4404.096,1
slave_chan_16,4421.678,4422.212,1
slave_chan_16,4423.553,4427.136,1
slave_chan_16,4449.873,4450.79,1
slave_chan_16,4457.847,4460.997,1
slave_chan_16,4569.846,4571.129,1
slave_chan_16,4650.276,4651.259,1
slave_chan_16,4724.097,4724.913,1
slave_chan_16,4876.367,4876.917,1
slave_chan_16,4971.508,4973.325,1
slave_chan_16,5071.549,5072.699,1
slave_chan_16,5115.822,5117.722,1
slave_chan_16,5131.959,5137.025,1
slave_chan_16,5301.483,5302.999,1
slave_chan_16,5369.202,5370.835,1
slave_chan_16,5482.77,5483.486,1
slave_chan_16,5526.443,5528.96,1
slave_chan_16,5622.299,5623.682,1
slave_chan_16,5868.478,5869.729,1
slave_chan_16,5891.835,5894.701,1
slave_chan_16,5906.848,5907.814,1
slave_chan_16,5910.68,5917.547,1
master_chan_01,2103.654,2108.404,1
master_chan_01,2453.801,2455.251,1
master_chan_01,2597.355,2601.121,1
master_chan_01,2785.466,2787.432,1
master_chan_01,2967.566,2968.382,1
master_chan_01,3033.506,3037.156,1
master_chan_01,3050.697,3052.164,1
master_chan_01,3054.047,3054.73,1
master_chan_01,3107.597,3109.447,1
master_chan_01,3154.454,3156.52,1
master_chan_01,3180.97,3182.453,1
master_chan_01,3275.548,3277.598,1
master_chan_01,3358.07,3359.937,1
master_chan_01,3401.115,3405.115,1
master_chan_01,3408.665,3410.199,1
master_chan_01,3508.063,3508.946,1
master_chan_01,3662.516,3665.316,1
master_chan_01,3687.499,3688.599,1
master_chan_01,3694.149,3696.133,1
master_chan_01,3723.09,3725.074,1
master_chan_01,3738.365,3740.831,1
master_chan_01,3779.282,3786.698,1
master_chan_01,4155.227,4156.344,1
master_chan_01,4649.863,4652.663,1
master_chan_01,4737.11,4741.027,1
master_chan_01,4748.835,4752.516,1
master_chan_01,4905.763,4906.297,1
master_chan_01,4923.563,4932.746,1
master_chan_01,4971.765,4974.715,1
master_chan_01,5004.723,5007.273,1
master_chan_01,5008.915,5011.598,1
master_chan_01,5465.508,5467.058,1
master_chan_01,5492.732,5493.799,1
master_chan_01,5590.029,5595.962,1
master_chan_01,5651.393,5653.943,1
master_chan_02,2203.346,2204.88,1
master_chan_02,2433.181,2434.481,1
master_chan_02,2509.673,2510.323,1
master_chan_02,2561.524,2562.174,1
master_chan_02,2682.883,2684.867,1
master_chan_02,2687.018,2687.485,1
master_chan_03,1687.25,1688.1,1
master_chan_03,1709.464,1716.731,1
master_chan_03,1779.2,1780.817,1
master_chan_03,1783.039,1787.589,1
master_chan_03,1888.968,1894.751,1
master_chan_03,2325.244,2325.61,1
master_chan_03,2560.618,2561.968,1
master_chan_03,2599.039,2603.689,1
master_chan_03,2754.178,2757.212,1
master_chan_03,2856.285,2857.935,1
master_chan_03,2900.956,2903.489,1
master_chan_03,2913.483,2914.199,1
master_chan_03,3303.142,3304.458,1
master_chan_03,3360.544,3361.377,1
master_chan_03,3464.739,3465.873,1
master_chan_03,3552.896,3553.379,1
master_chan_03,3557.883,3559.1,1
master_chan_03,3586.393,3587.31,1
master_chan_03,3759.025,3759.875,1
master_chan_03,3893.827,3894.66,1
master_chan_03,4088.065,4089.432,1
master_chan_03,4115.497,4120.864,1
master_chan_03,4130.853,4132.853,1
master_chan_03,4287.265,4292.748,1
master_chan_03,4300.97,4302.57,1
master_chan_03,4313.999,4315.732,1
master_chan_03,4319.423,4320.69,1
master_chan_03,4353.66,4354.643,1
master_chan_03,4438.5,4439.533,1
master_chan_03,4462.008,4462.841,1
master_chan_03,4481.188,4487.405,1
master_chan_03,4541.375,4546.825,1
master_chan_03,4645.013,4646.78,1
master_chan_03,4715.673,4721.34,1
master_chan_03,4724.256,4726.156,1
master_chan_03,4728.488,4728.871,1
master_chan_03,4732.353,4735.62,1
master_chan_03,4742.18,4744.197,1
master_chan_03,4746.538,4747.888,1
master_chan_03,4836.269,4837.186,1
master_chan_03,4850.911,4852.911,1
master_chan_03,4867.872,4868.972,1
master_chan_03,4900.78,4904.797,1
master_chan_03,4906.522,4907.122,1
master_chan_03,4909.943,4913.543,1
master_chan_03,4959.328,4959.845,1
master_chan_03,4992.855,4994.305,1
master_chan_03,5098.24,5099.324,1
master_chan_03,5129.848,5134.548,1
master_chan_03,5367.471,5368.454,1
master_chan_03,5371.598,5374.482,1
master_chan_03,5421.544,5422.861,1
master_chan_03,5459.826,5461.142,1
master_chan_03,5467.487,5468.621,1
master_chan_03,5499.419,5500.486,1
master_chan_03,5512.543,5514.893,1
master_chan_03,5533.823,5534.489,1
master_chan_03,5608.527,5610.343,1
master_chan_03,5631.751,5633.801,1
master_chan_03,5635.658,5641.492,1
master_chan_03,5672.899,5675.849,1
master_chan_03,5678.925,5681.142,1
master_chan_03,5776.875,5778.659,1
master_chan_03,5815.025,5816.558,1
master_chan_03,5827.382,5828.915,1
master_chan_03,5893.62,5894.97,1
master_chan_03,6182.698,6184.981,1
master_chan_03,6482.735,6484.169,1
master_chan_03,6535.613,6537.38,1
master_chan_03,6559.707,6560.041,1
master_chan_03,6733.734,6735.15,1
master_chan_03,6855.035,6855.518,1
master_chan_03,6909.04,6910.74,1
master_chan_03,6918.309,6918.726,1
master_chan_03,6989.133,6989.766,1
master_chan_03,7014.83,7016.013,1
master_chan_03,7114.157,7114.79,1
master_chan_03,7270.243,7271.726,1
master_chan_03,7275.482,7276.282,1
master_chan_03,7312.588,7313.271,1
master_chan_03,7991.493,7992.193,1
master_chan_03,8075.087,8077.037,1
master_chan_03,8086.738,8089.022,1
master_chan_03,8228.664,8231.231,1
master_chan_03,8245.078,8246.612,1
master_chan_03,8433.352,8434.036,1
master_chan_03,8442.198,8443.114,1
master_chan_04,2809.801,2811.368,1
master_chan_04,2813.584,2816.134,1
master_chan_04,2822.172,2822.989,1
master_chan_04,3097.148,3099.031,1
master_chan_04,4117.198,4117.682,1
master_chan_04,4152.573,4154.456,1
master_chan_04,4199.779,4201.279,1
master_chan_04,4280.093,4281.493,1
master_chan_04,4385.765,4386.032,1
master_chan_04,4600.008,4600.891,1
master_chan_04,4647.881,4649.647,1
master_chan_04,4667.947,4669.063,1
master_chan_04,4811.917,4813.35,1
master_chan_04,5050.375,5052.042,1
master_chan_04,5072.291,5072.991,1
master_chan_04,5094.874,5096.207,1
master_chan_04,5109.881,5111.765,1
master_chan_04,5116.99,5118.023,1
master_chan_04,5172.038,5173.538,1
master_chan_04,5247.219,5248.019,1
master_chan_04,5629.915,5631.515,1
master_chan_04,5833.645,5835.695,1
master_chan_04,6067.246,6067.579,1
master_chan_04,6150.343,6152.226,1
master_chan_04,6291.413,6293.913,1
master_chan_04,6481.374,6482.091,1
master_chan_04,6541.98,6542.23,1
master_chan_04,6568.321,6568.871,1
master_chan_04,6649.01,6649.893,1
master_chan_04,6665.267,6665.8,1
master_chan_04,6686.982,6687.916,1
master_chan_04,6712.082,6712.648,1
master_chan_04,6908.058,6908.442,1
master_chan_04,7018.73,7019.346,1
master_chan_04,7452.973,7453.39,1
master_chan_04,7558.994,7559.527,1
master_chan_04,7687.996,7689.83,1
master_chan_04,7792.048,7793.931,1
master_chan_04,7846.498,7847.298,1
master_chan_04,7885.464,7886.681,1
master_chan_04,7889.606,7891.522,1
master_chan_04,8097.746,8099.496,1
master_chan_04,8222.398,8223.748,1
master_chan_04,8423.624,8424.757,1
master_chan_04,8512.037,8512.771,1
master_chan_04,8668.764,8670.714,1
master_chan_04,8703.922,8706.388,1
master_chan_04,8847.217,8847.95,1
master_chan_04,9009.898,9011.731,1
master_chan_04,9091.011,9091.911,1
master_chan_04,9119.06,9120.71,1
master_chan_04,9416.528,9417.795,1
master_chan_04,9513.442,9514.825,1
master_chan_04,9768.431,9769.798,1
master_chan_04,9829.289,9833.056,1
master_chan_04,9840.356,9841.322,1
master_chan_05,1896.267,1897.1,1
master_chan_05,1899.245,1901.779,1
master_chan_05,1950.371,1952.354,1
master_chan_05,1969.371,1970.355,1
master_chan_05,1996.955,2000.122,1
master_chan_05,2154.834,2156.517,1
master_chan_05,2235.654,2236.721,1
master_chan_05,2250.515,2251.565,1
master_chan_05,2338.802,2342.185,1
master_chan_05,2425.65,2428.016,1
master_chan_05,2679.919,2685.319,1
master_chan_05,2770.741,2773.357,1
master_chan_05,2880.056,2883.756,1
master_chan_05,2932.002,2933.402,1
master_chan_05,3080.133,3080.899,1
master_chan_05,3161.119,3166.303,1
master_chan_05,3194.927,3195.977,1
master_chan_05,3239.141,3245.175,1
master_chan_05,3347.153,3348.237,1
master_chan_05,3352.305,3359.638,1
master_chan_05,3401.564,3402.83,1
master_chan_05,3409.113,3409.979,1
master_chan_05,3700.565,3701.599,1
master_chan_05,4419.069,4419.836,1
master_chan_05,4479.815,4482.682,1
master_chan_05,4975.656,4977.206,1
master_chan_05,5087.162,5087.745,1
master_chan_05,5174.327,5174.66,1
master_chan_05,5296.898,5299.648,1
master_chan_06,1952.345,1953.061,1
master_chan_06,1962.155,1963.555,1
master_chan_06,1965.042,1966.125,1
master_chan_06,2129.443,2130.31,1
master_chan_06,2201.457,2202.757,1
master_chan_06,2332.015,2332.715,1
master_chan_06,2335.065,2352.665,1
master_chan_06,2407.948,2409.115,1
master_chan_06,2435.925,2441.192,1
master_chan_06,2457.113,2460.93,1
master_chan_06,2509.532,2510.398,1
master_chan_06,2514.711,2515.527,1
master_chan_06,2546.295,2548.012,1
master_chan_06,2645.202,2645.768,1
master_chan_06,2778.576,2779.11,1
master_chan_06,2794.903,2795.836,1
master_chan_06,2879.67,2880.287,1
master_chan_06,2937.297,2937.613,1
master_chan_06,2995.491,2996.775,1
master_chan_06,3031.843,3035.009,1
master_chan_06,3139.948,3141.714,1
master_chan_06,3157.212,3160.145,1
master_chan_06,3164.975,3168.258,1
master_chan_06,3182.493,3185.477,1
master_chan_06,3284.35,3287.65,1
master_chan_06,3604.883,3607.066,1
master_chan_06,3947.661,3948.578,1
master_chan_06,3992.904,3993.371,1
master_chan_06,4073.694,4074.394,1
master_chan_06,4275.783,4276.533,1
master_chan_06,4374.833,4375.516,1
master_chan_06,4545.588,4547.172,1
master_chan_06,4779.146,4779.912,1
master_chan_06,4799.961,4801.778,1
master_chan_06,4804.364,4805.081,1
master_chan_06,4830.335,4831.385,1
master_chan_06,4851.943,4852.676,1
master_chan_06,4923.755,4925.671,1
master_chan_06,4962.321,4963.021,1
master_chan_06,4966.311,4967.011,1
master_chan_06,5046.88,5049.647,1
master_chan_06,5068.373,5072.006,1
master_chan_06,5424.037,5426.587,1
master_chan_06,5477.684,5480.6,1
master_chan_06,5501.437,5502.187,1
master_chan_06,5533.438,5535.988,1
master_chan_06,5671.846,5677.363,1
master_chan_06,5974.845,5975.328,1
master_chan_06,6080.288,6080.755,1
master_chan_06,6085.331,6085.964,1
master_chan_06,6367.642,6368.942,1
master_chan_06,6384.642,6385.209,1
master_chan_06,6412.262,6415.245,1
master_chan_06,6461.007,6462.007,1
master_chan_06,6636.305,6637.122,1
master_chan_06,6893.429,6895.579,1
master_chan_06,6911.335,6913.118,1
master_chan_06,7053.666,7055.482,1
master_chan_06,7329.095,7329.679,1
master_chan_06,7347.053,7348.72,1
master_chan_06,7358.52,7361.087,1
master_chan_06,7644.562,7645.995,1
master_chan_06,7673.061,7674.261,1
master_chan_06,7739.675,7741.025,1
master_chan_06,7767.066,7767.816,1
master_chan_06,7804.537,7808.837,1
master_chan_06,7836.72,7837.17,1
master_chan_06,7893.652,7894.902,1
master_chan_06,7963.651,7964.635,1
master_chan_06,8075.803,8076.353,1
master_chan_06,8258.438,8260.105,1
master_chan_06,8268.021,8269.021,1
master_chan_06,8276.869,8278.819,1
master_chan_06,8436.147,8437.18,1
master_chan_06,8442.178,8443.128,1
master_chan_07,1957.038,1958.788,1
master_chan_07,2131.043,2131.859,1
master_chan_07,2215.37,2216.07,1
master_chan_07,2229.125,2229.508,1
master_chan_07,2403.804,2404.304,1
master_chan_07,2412.502,2413.268,1
master_chan_07,2683.997,2684.481,1
master_chan_07,2823.767,2824.434,1
master_chan_07,2925.05,2926.883,1
master_chan_07,2951.275,2951.692,1
master_chan_07,3006.58,3007.396,1
master_chan_07,3601.872,3602.505,1
master_chan_07,3625.372,3625.939,1
master_chan_07,4812.599,4812.966,1
master_chan_07,4827.97,4829.204,1
master_chan_07,5220.071,5220.754,1
master_chan_07,5235.169,5235.636,1
master_chan_07,5237.531,5237.931,1
master_chan_07,5320.908,5321.474,1
master_chan_07,5497.117,5498.583,1
master_chan_07,5642.292,5643.625,1
master_chan_07,5663.141,5663.541,1
master_chan_07,5665.292,5665.575,1
master_chan_07,5669.724,5670.507,1
master_chan_07,5690.006,5690.656,1
master_chan_07,5757.767,5758.3,1
master_chan_07,6128.286,6128.736,1
master_chan_07,6181.011,6181.977,1
master_chan_07,6211.355,6211.972,1
master_chan_07,6235.384,6236.334,1
master_chan_07,6261.56,6261.926,1
master_chan_07,6410.208,6410.725,1
master_chan_07,6413.15,6413.633,1
master_chan_07,6576.075,6576.508,1
master_chan_07,6577.197,6577.563,1
master_chan_07,6598.74,6600.64,1
master_chan_07,6662.885,6663.185,1
master_chan_07,6814.452,6814.769,1
master_chan_07,6848.466,6850.316,1
master_chan_07,6981.617,6982.067,1
master_chan_07,6984.409,6984.975,1
master_chan_07,6991.403,6991.703,1
master_chan_07,7066.724,7067.407,1
master_chan_07,7183.784,7184.317,1
master_chan_07,7189.983,7190.666,1
master_chan_07,7238.982,7239.299,1
master_chan_07,7243.14,7244.574,1
master_chan_07,7267.862,7268.246,1
master_chan_07,7293.746,7295.079,1
master_chan_07,7504.876,7506.276,1
master_chan_07,7507.526,7508.66,1
master_chan_07,7577.899,7578.266,1
master_chan_07,7579.846,7580.246,1
master_chan_07,7582.218,7582.651,1
master_chan_07,7633.147,7636.181,1
master_chan_07,7638.068,7638.485,1
master_chan_07,7707.908,7708.425,1
master_chan_07,7735.882,7736.832,1
master_chan_07,7795.198,7796.781,1
master_chan_07,7870.111,7870.961,1
master_chan_07,7885.093,7887.093,1
master_chan_07,7910.415,7911.265,1
master_chan_07,7929.593,7931.56,1
master_chan_07,8076.447,8077.03,1
master_chan_07,8091.6,8092.017,1
master_chan_08,3672.325,3673.491,1
master_chan_08,3730.347,3731.38,1
master_chan_08,3885.744,3886.927,1
master_chan_08,3996.222,3998.239,1
master_chan_08,4331.029,4331.646,1
master_chan_08,4406.896,4408.063,1
master_chan_08,4461.117,4463.083,1
master_chan_08,4480.438,4482.938,1
master_chan_08,4584.494,4586.011,1
master_chan_08,4645.594,4647.244,1
master_chan_08,4663.91,4665.077,1
master_chan_08,4758.59,4760.073,1
master_chan_08,4768.665,4770.382,1
master_chan_08,4772.858,4773.991,1
master_chan_08,4885.874,4888.807,1
master_chan_08,5047.343,5048.877,1
master_chan_08,5389.73,5392.38,1
master_chan_08,5468.348,5469.132,1
master_chan_08,5526.566,5527.716,1
master_chan_08,5638.75,5639.8,1
master_chan_08,5670.978,5676.312,1
master_chan_08,6196.385,6197.785,1
master_chan_08,6784.23,6785.696,1
master_chan_08,6819.548,6821.548,1
master_chan_08,7081.918,7086.485,1
master_chan_08,7202.158,7203.241,1
master_chan_08,7348.275,7350.142,1
master_chan_08,7360.29,7361.54,1
master_chan_08,7395.666,7396.499,1
master_chan_08,7673.637,7674.971,1
master_chan_08,7687.958,7688.642,1
master_chan_09,1798.635,1799.285,1
master_chan_09,1827.809,1829.142,1
master_chan_09,1830.259,1831.625,1
master_chan_09,1835.971,1836.488,1
master_chan_09,1854.492,1855.425,1
master_chan_09,1881.565,1883.448,1
master_chan_09,1893.121,1895.554,1
master_chan_09,1896.642,1897.475,1
master_chan_09,2319.141,2320.158,1
master_chan_09,2359.447,2359.931,1
master_chan_09,2401.667,2402.533,1
master_chan_09,2461.336,2461.703,1
master_chan_09,2554.891,2555.441,1
master_chan_09,2667.822,2668.289,1
master_chan_09,2684.904,2685.871,1
master_chan_09,2783.599,2784.533,1
master_chan_09,2789.127,2789.627,1
master_chan_09,2968.289,2969.139,1
master_chan_09,2970.554,2970.904,1
master_chan_09,3182.728,3183.328,1
master_chan_09,3187.054,3188.304,1
master_chan_09,3262.141,3262.541,1
master_chan_09,3404.585,3404.902,1
master_chan_09,3475.9,3476.283,1
master_chan_09,3479.42,3479.92,1
master_chan_09,3510.179,3510.612,1
master_chan_09,3782.25,3782.8,1
master_chan_09,3797.092,3797.525,1
master_chan_09,3798.558,3799.992,1
master_chan_09,3818.318,3819.352,1
master_chan_09,3826.295,3826.795,1
master_chan_09,3847.542,3848.075,1
master_chan_09,3858.689,3859.255,1
master_chan_09,3870.805,3871.188,1
master_chan_09,3896.124,3897.624,1
master_chan_09,3983.196,3984.413,1
master_chan_09,3988.907,3990.29,1
master_chan_09,4049.352,4050.135,1
master_chan_09,4055.778,4057.378,1
master_chan_09,4060.561,4063.061,1
master_chan_09,4066.031,4070.664,1
master_chan_09,4103.859,4106.642,1
master_chan_09,4112.279,4113.129,1
master_chan_09,4133.492,4134.642,1
master_chan_09,4161.264,4166.08,1
master_chan_09,4175.423,4176.04,1
master_chan_09,4196.443,4196.776,1
master_chan_09,4233.458,4236.774,1
master_chan_09,4259.264,4261.68,1
master_chan_09,4282.107,4283.223,1
master_chan_09,4313.917,4314.584,1
master_chan_09,4357.316,4359.799,1
master_chan_09,4536.664,4537.014,1
master_chan_09,4582.994,4583.578,1
master_chan_09,4608.819,4609.435,1
master_chan_09,4677.456,4677.906,1
master_chan_09,4798.178,4800.111,1
master_chan_09,4840.807,4841.924,1
master_chan_09,4864.467,4865.517,1
master_chan_09,4874.073,4874.39,1
master_chan_09,4951.639,4952.689,1
master_chan_09,4979.871,4983.871,1
master_chan_09,5061.622,5062.272,1
master_chan_09,5122.255,5123.121,1
master_chan_09,5174.556,5175.673,1
master_chan_09,5183.106,5184.673,1
master_chan_09,5217.397,5219.381,1
master_chan_09,5220.973,5221.356,1
master_chan_09,5226.501,5227.701,1
master_chan_09,5399.481,5399.831,1
master_chan_09,5404.828,5405.678,1
master_chan_09,5409.414,5410.564,1
master_chan_10,3887.915,3889.065,1
master_chan_10,3898.497,3899.264,1
master_chan_10,4412.312,4413.112,1
master_chan_10,4415.918,4416.552,1
master_chan_10,4481.176,4482.159,1
master_chan_10,4983.432,4985.498,1
master_chan_10,5131.04,5133.223,1
master_chan_11,3638.812,3639.729,1
master_chan_11,3752.195,3753.779,1
master_chan_11,3766.412,3767.312,1
master_chan_11,3828.204,3830.988,1
master_chan_11,3850.269,3852.502,1
master_chan_11,3944.927,3946.277,1
master_chan_11,3981.102,3982.135,1
master_chan_11,4012.791,4013.158,1
master_chan_11,4015.127,4016.077,1
master_chan_11,4016.886,4017.236,1
master_chan_11,4096.911,4097.128,1
master_chan_11,4176.191,4177.575,1
master_chan_11,4239.393,4241.61,1
master_chan_11,4283.981,4284.098,1
master_chan_11,4318.683,4322.933,1
master_chan_11,4397.364,4398.564,1
master_chan_11,4575.911,4578.728,1
master_chan_11,4581.71,4583.094,1
master_chan_11,4585.066,4585.233,1
master_chan_11,4655.726,4656.593,1
master_chan_11,4681.145,4682.145,1
master_chan_11,4769.323,4771.84,1
master_chan_11,4849.703,4855.137,1
master_chan_11,5165.631,5168.898,1
master_chan_11,5189.092,5191.275,1
master_chan_11,5331.084,5331.767,1
master_chan_11,5386.132,5387.049,1
master_chan_11,5401.597,5405.731,1
master_chan_11,5416.001,5416.634,1
master_chan_11,5460.169,5461.635,1
master_chan_11,5500.667,5501.934,1
master_chan_11,5529.465,5531.182,1
master_chan_11,5533.258,5534.024,1
master_chan_11,5535.541,5536.225,1
master_chan_11,5608.651,5610.118,1
master_chan_11,5631.527,5634.16,1
master_chan_11,5636.287,5640.003,1
master_chan_11,5680.08,5681.13,1
master_chan_11,5691.513,5693.163,1
master_chan_11,5741.455,5743.422,1
master_chan_11,5776.877,5778.593,1
master_chan_11,5803.286,5803.619,1
master_chan_11,5812.27,5816.97,1
master_chan_11,5876.186,5877.736,1
master_chan_11,5903.325,5905.292,1
master_chan_11,6600.466,6602.616,1
master_chan_11,6727.625,6728.558,1
master_chan_11,6735.654,6738.704,1
master_chan_11,6752.969,6753.519,1
master_chan_11,6906.691,6910.191,1
master_chan_12,5936.472,5941.105,1
master_chan_12,5953.557,5954.39,1
master_chan_12,5959.69,5962.156,1
master_chan_12,5967.709,5971.775,1
master_chan_12,6307.726,6308.41,1
master_chan_12,6608.846,6609.879,1
master_chan_12,6742.206,6742.506,1
master_chan_12,6849.556,6850.672,1
master_chan_12,6881.327,6882.56,1
master_chan_12,6890.429,6891.596,1
master_chan_12,6905.558,6907.425,1
master_chan_12,6945.587,6947.653,1
master_chan_12,6949.204,6949.67,1
master_chan_12,6964.924,6968.29,1
master_chan_12,6987.937,6996.271,1
master_chan_12,7021.846,7022.646,1
master_chan_12,7033.46,7033.877,1
master_chan_12,7036.029,7036.479,1
master_chan_12,7039.747,7043.847,1
master_chan_12,7052.849,7054.983,1
master_chan_12,7060.308,7061.108,1
master_chan_12,7075.467,7080.334,1
master_chan_12,7083.316,7087.032,1
master_chan_12,7286.809,7287.676,1
master_chan_12,7388.571,7391.121,1
master_chan_12,7433.932,7436.399,1
master_chan_12,7505.031,7505.681,1
master_chan_12,7639.987,7641.237,1
master_chan_12,7791.643,7792.96,1
master_chan_12,7798.449,7799.332,1
master_chan_12,7800.324,7800.74,1
master_chan_12,7979.197,7979.497,1
master_chan_12,8188.082,8189.199,1
master_chan_12,8202.834,8205.168,1
master_chan_12,8212.515,8213.182,1
master_chan_12,8214.682,8215.782,1
master_chan_12,8289.657,8292.107,1
master_chan_12,8395.828,8396.111,1
master_chan_12,8472.351,8472.718,1
master_chan_13,4704.885,4705.635,1
master_chan_13,5097.06,5098.177,1
master_chan_13,5100.885,5102.202,1
master_chan_13,5175.431,5175.981,1
master_chan_14,4765.924,4766.124,1
master_chan_14,5123.013,5124.396,1
master_chan_14,5161.629,5162.895,1
master_chan_14,5165.424,5165.807,1
master_chan_14,5189.145,5189.512,1
master_chan_14,5387.752,5388.635,1
master_chan_14,5407.997,5408.564,1
master_chan_14,5456.219,5456.503,1
master_chan_14,5677.667,5680.3,1
master_chan_14,5741.444,5742.294,1
master_chan_14,5772.566,5772.933,1
master_chan_14,5846.387,5847.537,1
master_chan_14,6450.565,6451.615,1
master_chan_14,6559.636,6560.636,1
master_chan_14,6907.863,6908.146,1
master_chan_14,6989.152,6990.135,1
master_chan_14,7088.985,7089.702,1
master_chan_14,7274.375,7275.142,1
master_chan_14,7828.272,7829.355,1
master_chan_14,8072.977,8073.477,1
master_chan_14,8074.461,8075.761,1
master_chan_14,8082.725,8084.259,1
master_chan_14,8088.933,8089.283,1
master_chan_14,8342.61,8343.427,1
master_chan_14,8360.942,8363.025,1
master_chan_14,8425.21,8425.91,1
master_chan_15,4922.166,4922.799,1
master_chan_15,4925.106,4928.273,1
master_chan_15,4932.053,4932.57,1
master_chan_15,5058.423,5059.507,1
master_chan_15,5082.336,5082.636,1
master_chan_15,5177.658,5179.858,1
master_chan_15,5325.686,5326.219,1
master_chan_15,5343.767,5347.567,1
master_chan_15,5349.14,5350.673,1
master_chan_15,5532.836,5534.586,1
master_chan_15,5588.104,5589.171,1
master_chan_15,5642.273,5644.057,1
master_chan_15,5648.884,5651,1
master_chan_15,5668.65,5669.134,1
master_chan_15,5975.032,5975.432,1
master_chan_15,6102.271,6106.654,1
master_chan_15,6181.48,6182.63,1
master_chan_15,6365.214,6366.264,1
master_chan_15,6398.63,6399.747,1
master_chan_15,6443.85,6446.05,1
master_chan_15,6457.721,6459.621,1
master_chan_15,6464.43,6469.347,1
master_chan_15,6476.303,6476.953,1
master_chan_15,6638.295,6638.778,1
master_chan_16,3892.932,3893.532,1
master_chan_16,3946.148,3946.564,1
master_chan_16,4185.841,4186.224,1
master_chan_16,4340.344,4341.711,1
master_chan_16,4615.096,4615.596,1
master_chan_16,4683.478,4685.328,1
master_chan_16,4686.27,4688.787,1
master_chan_16,5472.861,5474.044,1
master_chan_16,5609.198,5610.048,1
master_chan_16,5645.456,5646.456,1
master_chan_16,5651.69,5653.306,1
master_chan_16,5672.497,5673.031,1
master_chan_16,5690.313,5693.047,1
master_chan_16,5707.713,5708.929,1
master_chan_16,5723.115,5723.698,1
master_chan_16,5771.299,5772.082,1
master_chan_16,5828.422,5829.122,1
master_chan_16,5871.555,5871.905,1
master_chan_16,5873.364,5877.397,1
master_chan_16,5894.663,5895.229,1
master_chan_16,6094.239,6096.156,1
master_chan_16,6277.341,6280.141,1
master_chan_16,6281.041,6281.591,1
master_chan_16,6283.366,6283.65,1
